arm	model	repeat	phase	cameras	offered_fps	fps	p50_ms	p95_ms	p99_ms	max_ms	mean_ms	late_frames	frames	mean_batch	queue_us_per_req	foreign_gpu
b2	yolov8s	1	random	1	30	30.0	2.576	3.208	3.389	3.445	2.572	0	390	1.00	43	
b2	yolov8s	1	random	4	120	120.0	2.088	3.054	3.441	3.744	2.286	0	1560	1.00	60	
b2	yolov8s	1	random	8	240	240.0	2.579	4.212	4.272	4.413	2.671	0	3120	1.00	63	
b2	yolov8s	1	random	16	480	480.0	2.325	4.296	4.769	4.937	2.616	0	6240	1.00	76	
b2	yolov8s	1	random	32	960	960.0	4.352	6.666	7.925	8.122	4.527	0	12480	1.00	508	
b2	yolov8s	1	random	48	1440	1083.8	2307.690	4078.498	4234.721	4308.728	2310.921	17280	18720	1.00	39689	
b2	yolov8s	1	random	56	1680	1080.0	3517.831	6155.505	6389.650	6469.030	3519.048	17810	19490	1.00	47235	
b2	yolov8s	1	sync	1	30	30.0	2.531	3.230	3.417	3.585	2.602	0	390	1.00	49	
b2	yolov8s	1	sync	4	120	120.0	5.260	5.713	5.814	5.899	4.858	0	1560	1.00	887	
b2	yolov8s	1	sync	8	240	240.0	7.390	9.449	9.675	9.831	6.807	0	3120	1.00	1643	
b2	yolov8s	1	sync	16	480	480.0	9.654	14.981	15.447	16.132	9.933	0	6240	1.00	3597	
b2	yolov8s	1	sync	32	960	960.0	18.654	29.652	29.968	30.423	18.006	0	12480	1.00	9381	
b2	yolov8s	1	sync	48	1440	1077.2	2384.566	4194.601	4358.763	4444.828	2387.364	17280	18720	1.00	39948	
b2	yolov8s	1	sync	56	1680	1075.8	3553.242	6215.091	6449.288	6534.045	3555.393	17741	19421	1.00	47427	
nobatch	yolov8s_dyn	1	random	1	30	30.0	3.156	3.765	3.877	3.950	3.166	0	390	1.00	81	
nobatch	yolov8s_dyn	1	random	4	120	120.0	2.716	3.497	3.966	4.209	2.755	0	1560	1.01	67	
nobatch	yolov8s_dyn	1	random	8	240	240.0	2.803	4.823	4.931	5.693	3.359	0	3120	1.03	89	
nobatch	yolov8s_dyn	1	random	16	480	480.0	3.095	4.850	5.838	5.903	3.360	0	6240	1.00	76	
nobatch	yolov8s_dyn	1	random	32	960	959.9	6.325	8.904	9.564	11.248	6.175	0	12480	1.27	362	
nobatch	yolov8s_dyn	1	random	48	1440	1439.0	13.068	16.954	18.019	21.338	12.398	0	18720	3.57	1676	
nobatch	yolov8s_dyn	1	random	56	1680	1658.2	104.549	169.667	176.183	196.798	106.192	20160	21840	7.99	12083	
nobatch	yolov8s_dyn	1	sync	1	30	30.0	3.089	3.412	3.749	4.029	3.090	0	390	1.00	72	
nobatch	yolov8s_dyn	1	sync	4	120	120.0	4.867	5.323	5.673	5.954	4.852	0	1560	1.99	394	
nobatch	yolov8s_dyn	1	sync	8	240	240.0	7.177	7.913	8.149	8.739	7.071	0	3120	3.41	613	
nobatch	yolov8s_dyn	1	sync	16	480	480.0	11.819	12.744	12.990	14.462	10.816	0	6240	3.88	655	
nobatch	yolov8s_dyn	1	sync	32	960	960.0	18.577	21.992	22.326	22.547	16.123	0	12480	4.15	1230	
nobatch	yolov8s_dyn	1	sync	48	1440	1440.0	25.068	31.940	32.362	32.780	22.927	0	18720	4.82	2195	
nobatch	yolov8s_dyn	1	sync	56	1680	1661.1	106.986	168.071	181.589	198.927	108.201	20140	21840	7.99	11944	
dnow	yolov8s_dyn	1	random	1	30	30.0	8.415	8.932	9.154	9.181	8.351	0	390	1.00	5248	
dnow	yolov8s_dyn	1	random	4	120	120.0	7.909	8.757	9.178	9.363	7.344	0	1560	2.00	4295	
dnow	yolov8s_dyn	1	random	8	240	240.0	7.314	8.420	8.512	8.597	6.296	0	3120	2.67	2721	
dnow	yolov8s_dyn	1	random	16	480	479.9	5.807	8.519	8.654	8.763	5.860	0	6240	3.20	2385	
dnow	yolov8s_dyn	1	random	32	960	959.6	5.602	8.470	9.889	10.780	5.929	0	12480	3.77	1581	
dnow	yolov8s_dyn	1	random	48	1440	1439.3	9.669	12.734	13.909	14.787	9.695	0	18720	4.01	1041	
dnow	yolov8s_dyn	1	random	56	1680	1661.9	93.475	146.627	157.096	169.613	94.138	20160	21840	7.99	12004	
dnow	yolov8s_dyn	1	sync	1	30	30.0	8.406	8.916	9.153	9.170	8.360	0	390	1.00	5237	
dnow	yolov8s_dyn	1	sync	4	120	120.0	5.122	5.438	5.548	5.675	5.124	0	1560	4.00	248	
dnow	yolov8s_dyn	1	sync	8	240	240.0	6.963	7.400	7.512	7.624	6.946	0	3120	4.00	452	
dnow	yolov8s_dyn	1	sync	16	480	480.0	11.694	12.561	12.832	13.055	10.047	0	6240	4.02	468	
dnow	yolov8s_dyn	1	sync	32	960	960.0	16.664	21.132	21.705	22.089	15.598	0	12480	5.09	897	
dnow	yolov8s_dyn	1	sync	48	1440	1440.0	23.391	31.194	31.474	31.800	22.184	0	18720	6.00	1875	
dnow	yolov8s_dyn	1	sync	56	1680	1663.2	95.974	152.028	164.670	178.447	97.398	20066	21840	7.99	11874	
b3_500	yolov8s_dyn	1	random	1	30	30.0	3.700	4.303	4.406	4.456	3.696	0	390	1.00	654	
b3_500	yolov8s_dyn	1	random	4	120	120.0	3.275	3.855	3.966	6.976	3.314	0	1560	1.04	572	
b3_500	yolov8s_dyn	1	random	8	240	240.0	3.461	5.434	5.528	6.315	3.916	0	3120	1.17	552	
b3_500	yolov8s_dyn	1	random	16	480	480.0	3.223	4.994	5.058	5.581	3.498	0	6240	1.23	419	
b3_500	yolov8s_dyn	1	random	32	960	960.0	4.974	6.714	7.056	9.000	4.772	0	12480	1.60	304	
b3_500	yolov8s_dyn	1	random	48	1440	1438.9	13.034	17.233	18.383	22.292	12.469	0	18720	3.52	2043	
b3_500	yolov8s_dyn	1	random	56	1680	1662.0	85.548	141.479	155.143	169.268	88.272	20149	21840	7.98	11974	
b3_500	yolov8s_dyn	1	sync	1	30	30.0	3.635	4.225	4.359	4.537	3.673	0	390	1.00	643	
b3_500	yolov8s_dyn	1	sync	4	120	120.0	4.748	5.199	5.338	5.927	4.682	0	1560	2.00	428	
b3_500	yolov8s_dyn	1	sync	8	240	240.0	7.576	8.055	8.168	8.226	7.198	0	3120	3.07	758	
b3_500	yolov8s_dyn	1	sync	16	480	480.0	11.884	13.058	13.442	13.849	10.505	0	6240	3.48	779	
b3_500	yolov8s_dyn	1	sync	32	960	960.0	18.498	21.787	21.983	22.368	15.916	0	12480	4.28	1318	
b3_500	yolov8s_dyn	1	sync	48	1440	1440.0	25.295	32.253	32.724	33.296	22.713	0	18720	4.78	2921	
b3_500	yolov8s_dyn	1	sync	56	1680	1664.1	90.852	145.603	160.765	184.888	93.267	20121	21840	7.98	11969	
b3_0	yolov8s_dyn	1	random	1	30	30.0	3.069	3.382	3.719	3.807	3.085	0	390	1.00	72	
b3_0	yolov8s_dyn	1	random	4	120	120.0	2.739	3.402	3.826	4.039	2.768	0	1560	1.00	60	
b3_0	yolov8s_dyn	1	random	8	240	240.0	2.815	4.851	4.952	5.384	3.387	0	3120	1.05	97	
b3_0	yolov8s_dyn	1	random	16	480	480.0	3.073	5.327	5.816	6.053	3.349	0	6240	1.00	69	
b3_0	yolov8s_dyn	1	random	32	960	959.8	6.333	8.902	9.596	11.949	6.181	0	12480	1.27	359	
b3_0	yolov8s_dyn	1	random	48	1440	1439.0	13.038	16.930	18.149	23.328	12.410	0	18720	3.57	1697	
b3_0	yolov8s_dyn	1	random	56	1680	1663.0	84.977	135.194	145.946	162.349	86.618	20159	21840	7.98	11998	
b3_0	yolov8s_dyn	1	sync	1	30	30.0	3.095	3.831	4.009	4.116	3.161	0	390	1.00	74	
b3_0	yolov8s_dyn	1	sync	4	120	120.0	4.880	5.313	5.519	6.092	4.836	0	1560	1.99	441	
b3_0	yolov8s_dyn	1	sync	8	240	240.0	7.387	7.946	8.114	8.317	7.124	0	3120	3.59	635	
b3_0	yolov8s_dyn	1	sync	16	480	480.0	11.772	12.678	12.922	13.729	10.761	0	6240	3.87	656	
b3_0	yolov8s_dyn	1	sync	32	960	960.0	18.571	21.806	22.129	22.545	16.102	0	12480	4.11	1230	
b3_0	yolov8s_dyn	1	sync	48	1440	1440.0	23.139	31.930	32.311	32.856	22.912	0	18720	4.82	2154	
b3_0	yolov8s_dyn	1	sync	56	1680	1664.4	90.556	142.049	152.710	159.314	91.910	20039	21840	7.99	11915	
nobatch	yolov8s_dyn	2	random	1	30	30.0	3.139	3.732	3.901	4.080	3.150	0	390	1.00	81	
nobatch	yolov8s_dyn	2	random	4	120	120.0	2.477	3.247	3.367	3.539	2.547	0	1560	1.00	34	
nobatch	yolov8s_dyn	2	random	8	240	240.0	2.195	2.729	2.774	2.828	2.263	0	3120	1.00	19	
nobatch	yolov8s_dyn	2	random	16	480	479.9	2.669	4.460	4.548	4.631	2.830	0	6240	1.01	60	
nobatch	yolov8s_dyn	2	random	32	960	959.6	5.398	7.295	8.021	9.518	5.399	0	12480	1.06	194	
nobatch	yolov8s_dyn	2	random	48	1440	1438.8	13.373	16.522	17.748	19.329	12.483	0	18720	3.67	1736	
nobatch	yolov8s_dyn	2	random	56	1680	1657.4	107.074	174.973	186.372	217.684	108.654	20160	21840	7.98	12027	
nobatch	yolov8s_dyn	2	sync	1	30	30.0	3.101	3.775	3.896	3.955	3.157	0	390	1.00	79	
nobatch	yolov8s_dyn	2	sync	4	120	120.0	4.827	5.309	5.466	5.701	4.778	0	1560	1.98	416	
nobatch	yolov8s_dyn	2	sync	8	240	240.0	7.360	7.997	8.213	8.571	7.160	0	3120	3.52	638	
nobatch	yolov8s_dyn	2	sync	16	480	480.0	11.637	12.828	13.453	13.791	10.686	0	6240	3.64	608	
nobatch	yolov8s_dyn	2	sync	32	960	960.0	18.588	21.957	22.333	22.711	16.143	0	12480	4.11	1253	
nobatch	yolov8s_dyn	2	sync	48	1440	1440.0	25.058	31.984	32.578	33.077	22.804	0	18720	4.93	2289	
nobatch	yolov8s_dyn	2	sync	56	1680	1659.0	113.259	183.035	199.344	223.243	114.883	20147	21840	7.99	11981	
dnow	yolov8s_dyn	2	random	1	30	30.0	8.390	8.894	9.118	9.186	8.352	0	390	1.00	5248	
dnow	yolov8s_dyn	2	random	4	120	120.0	7.585	8.383	8.721	9.139	6.740	0	1560	1.30	3975	
dnow	yolov8s_dyn	2	random	8	240	239.9	7.506	8.043	8.126	8.338	6.850	0	3120	1.60	4085	
dnow	yolov8s_dyn	2	random	16	480	479.8	6.808	8.093	8.163	8.304	6.268	0	6240	2.67	3220	
dnow	yolov8s_dyn	2	random	32	960	959.5	5.357	8.053	8.331	8.414	5.522	0	12480	4.00	1580	
dnow	yolov8s_dyn	2	random	48	1440	1439.1	8.876	10.782	11.740	16.613	8.839	0	18720	4.01	1069	
dnow	yolov8s_dyn	2	random	56	1680	1664.3	75.206	124.733	135.149	155.191	77.452	20007	21840	7.98	11808	
dnow	yolov8s_dyn	2	sync	1	30	30.0	8.384	8.881	9.098	9.248	8.333	0	390	1.00	5240	
dnow	yolov8s_dyn	2	sync	4	120	120.0	5.115	5.459	5.527	5.847	5.105	0	1560	4.00	285	
dnow	yolov8s_dyn	2	sync	8	240	240.0	6.889	7.299	7.406	7.613	6.879	0	3120	4.00	443	
dnow	yolov8s_dyn	2	sync	16	480	480.0	11.646	12.563	12.794	13.109	10.102	0	6240	4.01	460	
dnow	yolov8s_dyn	2	sync	32	960	960.0	18.669	21.204	21.699	22.183	15.622	0	12480	5.05	901	
dnow	yolov8s_dyn	2	sync	48	1440	1440.0	23.354	31.242	31.489	32.271	22.235	0	18720	5.99	1861	
dnow	yolov8s_dyn	2	sync	56	1680	1662.6	99.233	154.896	166.331	178.084	99.579	20052	21840	7.98	11904	
b3_500	yolov8s_dyn	2	random	1	30	30.0	3.600	4.260	4.360	4.408	3.647	0	390	1.00	647	
b3_500	yolov8s_dyn	2	random	4	120	120.0	2.989	3.118	3.796	3.999	3.005	0	1560	1.00	574	
b3_500	yolov8s_dyn	2	random	8	240	239.9	2.729	3.259	3.310	3.371	2.807	0	3120	1.00	566	
b3_500	yolov8s_dyn	2	random	16	480	479.9	3.029	4.540	4.645	4.697	3.270	0	6240	1.23	408	
b3_500	yolov8s_dyn	2	random	32	960	959.7	4.300	6.290	6.461	6.833	4.465	0	12480	1.26	405	
b3_500	yolov8s_dyn	2	random	48	1440	1438.9	13.172	16.342	17.416	20.601	12.242	0	18720	3.54	2019	
b3_500	yolov8s_dyn	2	random	56	1680	1660.1	94.220	157.375	170.584	196.729	97.006	20147	21840	7.97	11984	
b3_500	yolov8s_dyn	2	sync	1	30	30.0	3.609	4.284	4.360	4.434	3.670	0	390	1.00	647	
b3_500	yolov8s_dyn	2	sync	4	120	120.0	4.791	5.158	5.278	5.452	4.735	0	1560	2.00	450	
b3_500	yolov8s_dyn	2	sync	8	240	240.0	7.271	8.072	8.220	8.442	7.101	0	3120	3.01	730	
b3_500	yolov8s_dyn	2	sync	16	480	480.0	11.899	13.146	13.470	13.645	10.479	0	6240	3.44	770	
b3_500	yolov8s_dyn	2	sync	32	960	960.0	18.557	21.901	22.206	22.880	15.986	0	12480	4.19	1308	
b3_500	yolov8s_dyn	2	sync	48	1440	1440.0	25.319	32.451	32.938	43.924	22.827	2	18720	4.74	2950	
b3_500	yolov8s_dyn	2	sync	56	1680	1662.1	105.132	161.159	175.337	201.471	105.129	20155	21840	7.98	12006	
b3_0	yolov8s_dyn	2	random	1	30	30.0	3.102	3.781	3.906	3.983	3.135	0	390	1.00	75	
b3_0	yolov8s_dyn	2	random	4	120	120.0	2.488	3.250	3.353	3.485	2.556	0	1560	1.00	34	
b3_0	yolov8s_dyn	2	random	8	240	240.0	2.183	2.724	2.761	2.967	2.252	0	3120	1.00	18	
b3_0	yolov8s_dyn	2	random	16	480	479.9	2.666	4.446	4.551	4.666	2.834	0	6240	1.01	65	
b3_0	yolov8s_dyn	2	random	32	960	959.6	5.413	7.340	8.075	19.771	5.432	0	12480	1.06	197	
b3_0	yolov8s_dyn	2	random	48	1440	1438.9	13.282	16.396	17.704	23.633	12.459	0	18720	3.65	1694	
b3_0	yolov8s_dyn	2	random	56	1680	1662.2	84.416	140.604	152.130	176.138	86.711	20057	21840	7.98	11899	
b3_0	yolov8s_dyn	2	sync	1	30	30.0	3.082	3.494	3.823	4.049	3.098	0	390	1.00	72	
b3_0	yolov8s_dyn	2	sync	4	120	120.0	4.850	5.285	5.616	6.307	4.805	0	1560	1.99	393	
b3_0	yolov8s_dyn	2	sync	8	240	240.0	7.300	7.986	8.178	8.505	7.154	0	3120	3.37	644	
b3_0	yolov8s_dyn	2	sync	16	480	480.0	11.821	12.740	13.005	13.729	10.860	0	6240	3.95	665	
b3_0	yolov8s_dyn	2	sync	32	960	960.0	18.567	21.836	22.256	22.619	16.135	0	12480	4.11	1222	
b3_0	yolov8s_dyn	2	sync	48	1440	1440.0	23.146	31.947	32.409	32.904	22.982	0	18720	4.82	2160	
b3_0	yolov8s_dyn	2	sync	56	1680	1662.8	98.093	156.267	172.158	190.291	99.545	20107	21840	7.99	11903	
b2	yolov8s	2	random	1	30	30.0	2.466	3.260	3.448	3.519	2.573	0	390	1.00	48	
b2	yolov8s	2	random	4	120	120.0	1.881	2.631	2.757	2.904	1.954	0	1560	1.00	19	
b2	yolov8s	2	random	8	240	240.0	1.832	2.755	2.857	2.923	1.948	0	3120	1.00	14	
b2	yolov8s	2	random	16	480	479.9	2.163	3.501	3.815	4.111	2.199	0	6240	1.00	86	
b2	yolov8s	2	random	32	960	959.8	2.702	5.165	5.885	5.991	3.019	0	12480	1.00	180	
b2	yolov8s	2	random	48	1440	1106.9	2123.617	3736.611	3879.314	3926.973	2122.870	17280	18720	1.00	38011	
b2	yolov8s	2	random	56	1680	1105.4	3357.052	5893.165	6121.085	6182.638	3356.870	18269	19949	1.00	45272	
b2	yolov8s	2	sync	1	30	30.0	2.456	3.159	3.311	3.479	2.528	0	390	1.00	45	
b2	yolov8s	2	sync	4	120	120.0	5.187	5.652	5.755	5.938	4.791	0	1560	1.00	865	
b2	yolov8s	2	sync	8	240	240.0	7.397	9.426	9.665	9.848	6.898	0	3120	1.00	1691	
b2	yolov8s	2	sync	16	480	480.0	9.652	14.727	15.392	15.754	9.845	0	6240	1.00	3511	
b2	yolov8s	2	sync	32	960	960.0	16.638	28.823	29.262	29.565	17.531	0	12480	1.00	8953	
b2	yolov8s	2	sync	48	1440	1106.9	2132.069	3752.900	3896.116	3975.565	2134.510	17280	18720	1.00	38011	
b2	yolov8s	2	sync	56	1680	1106.2	3363.463	5903.629	6128.147	6213.899	3366.457	18284	19964	1.00	45445	
dnow	yolov8s_dyn	3	random	1	30	30.0	8.395	8.883	9.043	9.127	8.325	0	390	1.00	5235	
dnow	yolov8s_dyn	3	random	4	120	120.0	7.533	8.284	8.546	9.121	7.130	0	1560	1.33	4408	
dnow	yolov8s_dyn	3	random	8	240	239.9	7.329	8.336	8.408	8.525	6.643	0	3120	2.00	3685	
dnow	yolov8s_dyn	3	random	16	480	479.9	4.636	8.378	8.535	8.633	5.271	0	6240	3.20	1863	
dnow	yolov8s_dyn	3	random	32	960	959.6	6.257	9.161	9.894	9.937	6.165	0	12480	4.00	1677	
dnow	yolov8s_dyn	3	random	48	1440	1439.3	8.954	11.449	12.586	23.072	9.003	0	18720	4.01	1131	
dnow	yolov8s_dyn	3	random	56	1680	1660.7	95.615	151.655	165.707	179.414	96.071	20122	21840	7.99	11984	
dnow	yolov8s_dyn	3	sync	1	30	30.0	8.384	8.924	9.096	9.167	8.364	0	390	1.00	5242	
dnow	yolov8s_dyn	3	sync	4	120	120.0	5.078	5.477	5.597	5.749	5.101	0	1560	4.00	275	
dnow	yolov8s_dyn	3	sync	8	240	240.0	6.940	7.316	7.431	7.624	6.927	0	3120	4.00	457	
dnow	yolov8s_dyn	3	sync	16	480	480.0	11.628	12.496	12.712	13.031	9.999	0	6240	4.00	456	
dnow	yolov8s_dyn	3	sync	32	960	960.0	18.629	21.152	21.698	22.222	15.592	0	12480	5.05	900	
dnow	yolov8s_dyn	3	sync	48	1440	1440.0	23.302	31.271	31.537	31.894	22.211	0	18720	6.00	1841	
dnow	yolov8s_dyn	3	sync	56	1680	1661.8	99.253	160.733	173.082	183.779	100.912	19985	21840	7.99	11911	
b3_500	yolov8s_dyn	3	random	1	30	30.0	3.690	4.295	4.398	4.554	3.712	0	390	1.00	658	
b3_500	yolov8s_dyn	3	random	4	120	120.0	3.059	3.656	3.909	4.076	3.104	0	1560	1.00	581	
b3_500	yolov8s_dyn	3	random	8	240	240.0	2.851	3.278	3.313	5.842	2.924	0	3120	1.14	454	
b3_500	yolov8s_dyn	3	random	16	480	479.9	3.042	4.651	4.753	4.812	3.293	0	6240	1.23	458	
b3_500	yolov8s_dyn	3	random	32	960	959.7	5.649	7.274	7.700	9.148	5.360	0	12480	1.45	364	
b3_500	yolov8s_dyn	3	random	48	1440	1438.8	13.022	16.665	17.761	22.123	12.184	0	18720	3.54	1945	
b3_500	yolov8s_dyn	3	random	56	1680	1662.1	86.737	140.971	151.287	166.913	88.186	20106	21840	7.98	12016	
b3_500	yolov8s_dyn	3	sync	1	30	30.0	3.628	4.273	4.383	4.393	3.677	0	390	1.00	650	
b3_500	yolov8s_dyn	3	sync	4	120	120.0	4.815	5.230	5.316	5.878	4.769	0	1560	2.00	451	
b3_500	yolov8s_dyn	3	sync	8	240	240.0	7.245	8.038	8.205	8.336	7.062	0	3120	2.97	728	
b3_500	yolov8s_dyn	3	sync	16	480	480.0	11.915	13.048	13.409	13.856	10.535	0	6240	3.51	784	
b3_500	yolov8s_dyn	3	sync	32	960	960.0	16.612	21.978	22.292	22.838	15.993	0	12480	4.27	1309	
b3_500	yolov8s_dyn	3	sync	48	1440	1440.0	25.297	32.298	32.711	33.344	22.724	0	18720	4.78	2904	
b3_500	yolov8s_dyn	3	sync	56	1680	1664.6	88.750	142.701	154.308	169.723	91.342	20104	21840	7.98	12000	
b3_0	yolov8s_dyn	3	random	1	30	30.0	3.114	3.780	3.969	4.092	3.167	0	390	1.00	79	
b3_0	yolov8s_dyn	3	random	4	120	120.0	2.482	3.287	3.395	3.527	2.570	0	1560	1.00	38	
b3_0	yolov8s_dyn	3	random	8	240	240.0	2.332	2.807	3.125	3.308	2.417	0	3120	1.00	61	
b3_0	yolov8s_dyn	3	random	16	480	479.9	2.660	4.503	4.798	4.859	2.891	0	6240	1.04	42	
b3_0	yolov8s_dyn	3	random	32	960	959.6	6.153	8.965	9.088	10.175	6.259	0	12480	1.31	473	
b3_0	yolov8s_dyn	3	random	48	1440	1438.8	12.988	16.428	17.532	19.537	12.202	0	18720	3.53	1721	
b3_0	yolov8s_dyn	3	random	56	1680	1664.0	77.945	128.782	139.226	155.316	79.634	20018	21840	7.98	11916	
b3_0	yolov8s_dyn	3	sync	1	30	30.0	3.119	3.798	3.953	4.075	3.146	0	390	1.00	80	
b3_0	yolov8s_dyn	3	sync	4	120	120.0	4.852	5.309	5.531	5.766	4.823	0	1560	1.99	435	
b3_0	yolov8s_dyn	3	sync	8	240	240.0	7.305	7.937	8.114	8.487	7.106	0	3120	3.50	642	
b3_0	yolov8s_dyn	3	sync	16	480	480.0	11.780	12.723	12.999	13.730	10.781	0	6240	3.88	658	
b3_0	yolov8s_dyn	3	sync	32	960	960.0	18.597	21.848	22.256	22.564	16.130	0	12480	4.13	1214	
b3_0	yolov8s_dyn	3	sync	48	1440	1440.0	23.058	31.953	32.339	32.761	22.951	0	18720	4.82	2141	
b3_0	yolov8s_dyn	3	sync	56	1680	1663.9	94.178	146.219	160.013	179.456	94.496	20032	21840	7.99	11948	
b2	yolov8s	3	random	1	30	30.0	2.495	3.231	3.360	3.438	2.564	0	390	1.00	48	
b2	yolov8s	3	random	4	120	120.0	1.906	2.721	2.800	2.897	2.041	0	1560	1.00	22	
b2	yolov8s	3	random	8	240	240.0	1.918	2.750	2.820	2.895	2.115	0	3120	1.00	47	
b2	yolov8s	3	random	16	480	480.0	2.079	3.855	3.983	4.119	2.239	0	6240	1.00	74	
b2	yolov8s	3	random	32	960	959.7	4.945	6.675	8.176	10.568	4.856	0	12480	1.00	488	
b2	yolov8s	3	random	48	1440	1107.5	2116.209	3725.805	3869.990	3950.168	2114.909	17280	18720	1.00	38322	
b2	yolov8s	3	random	56	1680	1105.8	3350.485	5883.234	6112.219	6200.223	3352.002	18279	19959	1.00	45264	
b2	yolov8s	3	sync	1	30	30.0	2.472	3.274	3.380	3.477	2.561	0	390	1.00	47	
b2	yolov8s	3	sync	4	120	120.0	5.205	5.685	5.797	5.931	4.803	0	1560	1.00	867	
b2	yolov8s	3	sync	8	240	240.0	7.385	9.276	9.622	9.932	6.747	0	3120	1.00	1622	
b2	yolov8s	3	sync	16	480	480.0	9.654	14.684	15.324	15.868	9.796	0	6240	1.00	3482	
b2	yolov8s	3	sync	32	960	960.0	16.626	28.760	29.249	29.703	17.527	0	12480	1.00	8844	
b2	yolov8s	3	sync	48	1440	1108.0	2123.418	3734.990	3879.256	3959.382	2125.358	17280	18720	1.00	37979	
b2	yolov8s	3	sync	56	1680	1107.3	3362.023	5889.122	6115.173	6184.150	3362.390	18304	19984	1.00	45224	
nobatch	yolov8s_dyn	3	random	1	30	30.0	3.063	3.700	3.833	3.974	3.100	0	390	1.00	71	
nobatch	yolov8s_dyn	3	random	4	120	120.0	2.466	3.236	3.375	3.492	2.543	0	1560	1.00	33	
nobatch	yolov8s_dyn	3	random	8	240	240.0	2.356	2.774	3.041	3.225	2.418	0	3120	1.00	60	
nobatch	yolov8s_dyn	3	random	16	480	479.9	2.666	4.549	4.805	4.873	2.894	0	6240	1.02	44	
nobatch	yolov8s_dyn	3	random	32	960	959.6	6.141	8.969	9.083	10.130	6.255	0	12480	1.31	474	
nobatch	yolov8s_dyn	3	random	48	1440	1438.8	13.304	16.706	17.814	22.184	12.410	0	18720	3.58	1748	
nobatch	yolov8s_dyn	3	random	56	1680	1659.0	97.246	163.886	175.202	188.179	99.609	20123	21840	7.98	11914	
nobatch	yolov8s_dyn	3	sync	1	30	30.0	2.985	3.351	3.775	3.954	2.962	0	390	1.00	66	
nobatch	yolov8s_dyn	3	sync	4	120	120.0	4.870	5.303	5.568	5.976	4.810	0	1560	1.98	450	
nobatch	yolov8s_dyn	3	sync	8	240	240.0	7.189	7.895	8.099	8.472	7.058	0	3120	3.22	631	
nobatch	yolov8s_dyn	3	sync	16	480	480.0	11.679	12.859	13.554	13.813	10.655	0	6240	3.59	607	
nobatch	yolov8s_dyn	3	sync	32	960	960.0	18.573	21.833	22.154	22.630	16.134	0	12480	4.12	1222	
nobatch	yolov8s_dyn	3	sync	48	1440	1440.0	24.968	31.950	32.392	33.019	22.958	0	18720	4.82	2161	
nobatch	yolov8s_dyn	3	sync	56	1680	1658.7	115.149	182.578	194.814	203.243	115.649	20120	21840	7.99	12028	
