arm	streams	rep	fps	lat_ms_p50	lat_ms_p99	frames
a2_b8	1	1	1226.4	6.504	6.896	12264
d	8	1	1631.3	36.601	43.875	16313
a2_b1	2	1	1130.1	1.797	2.076	11301
a2_b8	4	1	1537.6	20.925	26.048	15376
d	16	1	1524.2	72.554	148.367	15242
a2_b1	1	1	814.4	1.222	1.258	8144
a2_b8	2	1	1601.6	9.969	10.653	16016
a2_b1	4	1	1193.8	3.347	3.832	11938
a2_b8	4	2	1528.0	20.983	26.566	15280
a2_b8	1	2	1226.4	6.502	6.844	12264
a2_b8	2	2	1668.8	9.334	10.458	16688
a2_b1	2	2	1100.0	1.813	2.084	11000
a2_b1	4	2	1191.6	3.352	3.826	11916
d	8	2	1621.0	36.937	42.231	16210
d	16	2	1550.0	73.791	123.466	15500
a2_b1	1	2	807.9	1.231	1.354	8079
a2_b1	1	3	793.0	1.254	1.380	7930
a2_b8	4	3	1520.0	21.019	26.826	15200
d	16	3	1536.2	71.862	142.184	15362
a2_b1	4	3	1189.0	3.362	3.844	11890
a2_b1	2	3	1111.0	1.821	2.105	11110
d	8	3	1623.9	37.049	40.768	16239
a2_b8	2	3	1621.6	9.981	10.547	16216
a2_b8	1	3	1214.4	6.567	6.898	12144
