arm	cameras	offered_fps	fps	p50_ms	p99_ms	util_mean_pct	util_p95_pct	sm_clock_mean_mhz	power_mean_w	samples
a2	1	30	30.0	1.639	1.982	4.0	4	1695	111.6	53
a2	4	120	120.0	1.699	2.490	13.6	14	1695	124.6	54
a2	8	240	240.0	1.678	2.605	26.3	28	1695	142.5	54
a2	16	480	480.0	1.806	3.482	45.6	47	1935	236.2	53
a2	32	960	959.8	2.074	4.538	77.2	78	1943	333.1	53
a2	48	1440	1300.3	773.154	1463.030	99.0	99	1787	348.2	60
b2	1	30	30.0	2.471	3.383	4.5	6	1695	114.9	50
b2	4	120	120.0	2.058	3.429	16.2	17	1695	127.6	51
b2	8	240	240.0	2.582	4.272	29.6	31	1695	145.3	51
b2	16	480	480.0	2.345	4.773	51.5	53	1950	245.7	51
b2	32	960	959.9	4.461	7.291	89.5	90	1917	343.3	51
b2	48	1440	1083.8	2315.660	4237.418	99.0	99	1876	348.4	72
b3_0	1	30	30.0	3.035	3.828	6.0	8	1695	118.2	50
b3_0	4	120	120.0	2.727	3.721	21.3	22	1695	130.7	51
b3_0	8	240	240.0	2.793	4.921	36.9	39	1695	147.2	51
b3_0	16	480	480.0	3.074	5.822	60.3	63	1938	242.5	51
b3_0	32	960	959.9	6.307	9.577	94.1	95	1929	339.3	51
b3_0	48	1440	1439.0	13.169	18.382	100.0	100	1764	348.6	51
b3_500	1	30	30.0	3.594	4.324	6.1	8	1695	119.4	50
b3_500	4	120	120.0	3.256	3.920	21.3	23	1695	131.4	51
b3_500	8	240	240.0	3.395	5.488	36.8	40	1695	147.8	51
b3_500	16	480	480.0	3.214	5.035	61.1	62	1950	244.0	51
b3_500	32	960	960.0	4.964	7.072	90.7	91	1895	331.7	51
b3_500	48	1440	1439.0	13.063	18.357	100.0	100	1761	348.5	51
dnow	1	30	30.0	8.265	9.041	6.0	6	1695	120.1	50
dnow	4	120	120.0	7.914	9.127	15.9	16	1695	131.1	51
dnow	8	240	240.0	7.354	8.488	27.9	29	1695	147.2	51
dnow	16	480	479.9	5.801	8.643	45.8	47	1950	240.4	51
dnow	32	960	959.8	5.606	9.883	78.3	80	1880	324.7	51
dnow	48	1440	1439.3	9.655	14.036	100.0	100	1760	348.9	51
