source	sessions	rep	wall_s	agg_fps	cameras_30fps	failed	dec_util_max	valid	load_start	load_end	cores_used	pinned
real_1080p.mp4	2	1	32.52	756	25.2	0	100	yes	10.51	13.43	0.13	10-15
real_1080p.mp4	32	1	510.84	771	25.7	0	100	yes	13.56	20.14	0.74	10-15
real.mp4	1	1	9.44	1303	43.4	0	69	yes	19.81	18.39	0.15	10-15
real_1080p.mp4	4	1	64.27	766	25.5	0	100	yes	18.39	14.98	0.17	10-15
real.mp4	32	1	155.80	2526	84.2	0	100	yes	15.06	24.40	1.27	10-15
real_1080p.mp4	1	1	16.96	725	24.2	0	100	yes	23.72	23.19	0.11	10-15
real.mp4	8	1	38.99	2524	84.1	0	100	yes	22.61	19.47	0.57	10-15
real_1080p.mp4	16	1	256.51	767	25.6	0	100	yes	18.63	7.97	0.42	10-15
real.mp4	16	1	77.71	2532	84.4	0	100	yes	8.61	12.52	0.82	10-15
real.mp4	2	1	10.61	2319	77.3	0	98	yes	12.88	12.80	0.32	10-15
real_1080p.mp4	8	1	128.36	767	25.6	0	100	yes	13.05	12.09	0.26	10-15
real.mp4	4	1	19.87	2476	82.5	0	100	yes	12.24	11.65	0.42	10-15
real_1080p.mp4	8	2	128.43	766	25.5	0	100	yes	12.08	15.35	0.25	10-15
real_1080p.mp4	32	2	513.62	766	25.5	0	100	yes	15.40	22.03	0.73	10-15
real.mp4	8	2	39.15	2513	83.8	0	100	yes	22.03	19.81	0.53	10-15
real.mp4	16	2	78.21	2516	83.9	0	100	yes	19.51	20.30	0.77	10-15
real_1080p.mp4	2	2	32.59	755	25.2	0	100	yes	18.84	19.18	0.12	10-15
real_1080p.mp4	1	2	18.00	683	22.8	0	100	yes	19.18	18.40	0.09	10-15
real_1080p.mp4	4	2	64.32	765	25.5	0	100	yes	18.40	18.28	0.17	10-15
real.mp4	4	2	20.05	2454	81.8	0	100	yes	18.18	19.06	0.39	10-15
real.mp4	32	2	156.02	2523	84.1	0	100	yes	18.98	8.16	1.24	10-15
real_1080p.mp4	16	2	255.84	769	25.6	0	100	yes	8.16	1.72	0.39	10-15
real.mp4	2	2	10.31	2387	79.6	0	100	yes	1.72	1.61	0.29	10-15
real.mp4	1	2	5.41	2273	75.8	0	88	yes	1.56	1.51	0.21	10-15
real.mp4	2	3	9.92	2481	82.7	0	100	yes	1.47	1.40	0.29	10-15
real_1080p.mp4	2	3	32.90	748	24.9	0	100	yes	1.40	1.37	0.11	10-15
real_1080p.mp4	16	3	255.86	769	25.6	0	100	yes	1.37	1.40	0.39	10-15
real.mp4	1	3	5.42	2270	75.7	0	100	yes	1.40	1.37	0.21	10-15
real_1080p.mp4	1	3	16.63	740	24.7	0	100	yes	1.34	1.26	0.09	10-15
real_1080p.mp4	32	3	512.33	768	25.6	0	100	yes	1.24	1.58	0.69	10-15
real.mp4	16	3	77.41	2542	84.7	0	100	yes	1.53	3.20	0.76	10-15
real.mp4	32	3	155.49	2531	84.4	0	100	yes	3.02	3.87	1.27	10-15
real.mp4	4	3	19.50	2523	84.1	0	100	yes	3.64	2.97	0.38	10-15
real_1080p.mp4	4	3	64.06	768	25.6	0	100	yes	2.97	1.66	0.16	10-15
real_1080p.mp4	8	3	128.10	768	25.6	0	100	yes	1.61	1.16	0.24	10-15
real.mp4	8	3	38.83	2534	84.5	0	100	yes	1.15	1.37	0.50	10-15
